<?xml version="1.0" encoding="UTF-8"?>
<ivysettings>
  <property name="ivy.local.default.root" value="${ivy.default.ivy.user.dir}/local" override="true"/>
  <property name="ivy.local.default.artifact.pattern" value="[organisation]/[module]/[revision]/[type]s/[artifact]-[revision].[ext]" override="false"/>

  <settings defaultResolver="default" />
  <include url="${ivy.default.settings.dir}/ivysettings-public.xml"/>
  <resolvers checkmodified="true" changingPattern=".*-SNAPSHOT">
    <dual name="shared" checkmodified="true">
      <url name="shared-ivy" changingPattern=".*-SNAPSHOT" checkmodified="true">
        <ivy pattern="http://repo.pentaho.org/artifactory/repo/[organisation]/[module]/[revision]/[module]-[revision].ivy.xml" />
      </url>
      <ibiblio name="shared-mvn" m2compatible="true" root="http://repo.pentaho.org/artifactory/repo" checkmodified="true"/>
    </dual>
  </resolvers>
  <include url="${ivy.default.settings.dir}/ivysettings-local.xml"/>
  <include url="${ivy.default.settings.dir}/ivysettings-main-chain.xml"/>
  <include url="${ivy.default.settings.dir}/ivysettings-default-chain.xml"/>
</ivysettings>